case_id,origin,question,city,building_use,project_kind,design_stage,should_abstain,expected_references,citation_correct,applicability_correct,manual_minutes,assistant_minutes,reviewer,reviewed_on,expert_notes
DEV-001,开发者示例，待专业人员独立标注,办公楼公共走廊的净宽要求在哪里查,,,,,,,,,,,,,
DEV-002,开发者示例，待专业人员独立标注,主入口室外台阶踏步宽高,,,,,,,,,,,,,
DEV-003,开发者示例，待专业人员独立标注,屋顶设备用房是否计入建筑高度,,,,,,,,,,,,,
DEV-004,开发者示例，待专业人员独立标注,楼梯休息平台宽度怎么定,,,,,,,,,,,,,
DEV-005,开发者示例，待专业人员独立标注,机动车出入口靠近学校,,,,,,,,,,,,,
DEV-006,开发者示例，待专业人员独立标注,屋面坡度排水要求,,,,,,,,,,,,,
DEV-007,开发者示例，待专业人员独立标注,办公楼走道净宽,,,,,,,,,,,,,
DEV-008,开发者示例，待专业人员独立标注,室内净空高度最低要求,,,,,,,,,,,,,
DEV-009,开发者示例，待专业人员独立标注,住宅公共走廊净宽要求,,,,,,,,,,,,,
DEV-010,开发者示例，待专业人员独立标注,消防疏散距离是多少,,,,,,,,,,,,,
DEV-011,开发者示例，待专业人员独立标注,物业费多少钱,,,,,,,,,,,,,
DEV-012,开发者示例，待专业人员独立标注,住宅公共走廊净宽要求,,non_residential,,,,,,,,,,,
