case_id,origin,question,city,building_use,project_kind,design_stage,should_abstain,expected_references,citation_correct,applicability_correct,manual_minutes,assistant_minutes,reviewer,reviewed_on,expert_notes,corpus_dataset_id,corpus_sha256,retriever_sha256,result_references,result_json,result_recorded_on,result_snapshot_id
FIELD-001,现场真实问题，待采集与独立标注,,,,,,,,,,,,,,,gb55031_excerpt_demo_v1,0db938787a5ff6e9d1e950a46acdde70d1f413fd60cb4e04a16c386d1e457d48,,,,,
FIELD-002,现场真实问题，待采集与独立标注,,,,,,,,,,,,,,,gb55031_excerpt_demo_v1,0db938787a5ff6e9d1e950a46acdde70d1f413fd60cb4e04a16c386d1e457d48,,,,,
FIELD-003,现场真实问题，待采集与独立标注,,,,,,,,,,,,,,,gb55031_excerpt_demo_v1,0db938787a5ff6e9d1e950a46acdde70d1f413fd60cb4e04a16c386d1e457d48,,,,,
FIELD-004,现场真实问题，待采集与独立标注,,,,,,,,,,,,,,,gb55031_excerpt_demo_v1,0db938787a5ff6e9d1e950a46acdde70d1f413fd60cb4e04a16c386d1e457d48,,,,,
FIELD-005,现场真实问题，待采集与独立标注,,,,,,,,,,,,,,,gb55031_excerpt_demo_v1,0db938787a5ff6e9d1e950a46acdde70d1f413fd60cb4e04a16c386d1e457d48,,,,,
FIELD-006,现场真实问题，待采集与独立标注,,,,,,,,,,,,,,,gb55031_excerpt_demo_v1,0db938787a5ff6e9d1e950a46acdde70d1f413fd60cb4e04a16c386d1e457d48,,,,,
FIELD-007,现场真实问题，待采集与独立标注,,,,,,,,,,,,,,,gb55031_excerpt_demo_v1,0db938787a5ff6e9d1e950a46acdde70d1f413fd60cb4e04a16c386d1e457d48,,,,,
FIELD-008,现场真实问题，待采集与独立标注,,,,,,,,,,,,,,,gb55031_excerpt_demo_v1,0db938787a5ff6e9d1e950a46acdde70d1f413fd60cb4e04a16c386d1e457d48,,,,,
FIELD-009,现场真实问题，待采集与独立标注,,,,,,,,,,,,,,,gb55031_excerpt_demo_v1,0db938787a5ff6e9d1e950a46acdde70d1f413fd60cb4e04a16c386d1e457d48,,,,,
FIELD-010,现场真实问题，待采集与独立标注,,,,,,,,,,,,,,,gb55031_excerpt_demo_v1,0db938787a5ff6e9d1e950a46acdde70d1f413fd60cb4e04a16c386d1e457d48,,,,,
FIELD-011,现场真实问题，待采集与独立标注,,,,,,,,,,,,,,,gb55031_excerpt_demo_v1,0db938787a5ff6e9d1e950a46acdde70d1f413fd60cb4e04a16c386d1e457d48,,,,,
FIELD-012,现场真实问题，待采集与独立标注,,,,,,,,,,,,,,,gb55031_excerpt_demo_v1,0db938787a5ff6e9d1e950a46acdde70d1f413fd60cb4e04a16c386d1e457d48,,,,,
FIELD-013,现场真实问题，待采集与独立标注,,,,,,,,,,,,,,,gb55031_excerpt_demo_v1,0db938787a5ff6e9d1e950a46acdde70d1f413fd60cb4e04a16c386d1e457d48,,,,,
FIELD-014,现场真实问题，待采集与独立标注,,,,,,,,,,,,,,,gb55031_excerpt_demo_v1,0db938787a5ff6e9d1e950a46acdde70d1f413fd60cb4e04a16c386d1e457d48,,,,,
FIELD-015,现场真实问题，待采集与独立标注,,,,,,,,,,,,,,,gb55031_excerpt_demo_v1,0db938787a5ff6e9d1e950a46acdde70d1f413fd60cb4e04a16c386d1e457d48,,,,,
FIELD-016,现场真实问题，待采集与独立标注,,,,,,,,,,,,,,,gb55031_excerpt_demo_v1,0db938787a5ff6e9d1e950a46acdde70d1f413fd60cb4e04a16c386d1e457d48,,,,,
FIELD-017,现场真实问题，待采集与独立标注,,,,,,,,,,,,,,,gb55031_excerpt_demo_v1,0db938787a5ff6e9d1e950a46acdde70d1f413fd60cb4e04a16c386d1e457d48,,,,,
FIELD-018,现场真实问题，待采集与独立标注,,,,,,,,,,,,,,,gb55031_excerpt_demo_v1,0db938787a5ff6e9d1e950a46acdde70d1f413fd60cb4e04a16c386d1e457d48,,,,,
FIELD-019,现场真实问题，待采集与独立标注,,,,,,,,,,,,,,,gb55031_excerpt_demo_v1,0db938787a5ff6e9d1e950a46acdde70d1f413fd60cb4e04a16c386d1e457d48,,,,,
FIELD-020,现场真实问题，待采集与独立标注,,,,,,,,,,,,,,,gb55031_excerpt_demo_v1,0db938787a5ff6e9d1e950a46acdde70d1f413fd60cb4e04a16c386d1e457d48,,,,,
FIELD-021,现场真实问题，待采集与独立标注,,,,,,,,,,,,,,,gb55031_excerpt_demo_v1,0db938787a5ff6e9d1e950a46acdde70d1f413fd60cb4e04a16c386d1e457d48,,,,,
FIELD-022,现场真实问题，待采集与独立标注,,,,,,,,,,,,,,,gb55031_excerpt_demo_v1,0db938787a5ff6e9d1e950a46acdde70d1f413fd60cb4e04a16c386d1e457d48,,,,,
FIELD-023,现场真实问题，待采集与独立标注,,,,,,,,,,,,,,,gb55031_excerpt_demo_v1,0db938787a5ff6e9d1e950a46acdde70d1f413fd60cb4e04a16c386d1e457d48,,,,,
FIELD-024,现场真实问题，待采集与独立标注,,,,,,,,,,,,,,,gb55031_excerpt_demo_v1,0db938787a5ff6e9d1e950a46acdde70d1f413fd60cb4e04a16c386d1e457d48,,,,,
FIELD-025,现场真实问题，待采集与独立标注,,,,,,,,,,,,,,,gb55031_excerpt_demo_v1,0db938787a5ff6e9d1e950a46acdde70d1f413fd60cb4e04a16c386d1e457d48,,,,,
FIELD-026,现场真实问题，待采集与独立标注,,,,,,,,,,,,,,,gb55031_excerpt_demo_v1,0db938787a5ff6e9d1e950a46acdde70d1f413fd60cb4e04a16c386d1e457d48,,,,,
FIELD-027,现场真实问题，待采集与独立标注,,,,,,,,,,,,,,,gb55031_excerpt_demo_v1,0db938787a5ff6e9d1e950a46acdde70d1f413fd60cb4e04a16c386d1e457d48,,,,,
FIELD-028,现场真实问题，待采集与独立标注,,,,,,,,,,,,,,,gb55031_excerpt_demo_v1,0db938787a5ff6e9d1e950a46acdde70d1f413fd60cb4e04a16c386d1e457d48,,,,,
FIELD-029,现场真实问题，待采集与独立标注,,,,,,,,,,,,,,,gb55031_excerpt_demo_v1,0db938787a5ff6e9d1e950a46acdde70d1f413fd60cb4e04a16c386d1e457d48,,,,,
FIELD-030,现场真实问题，待采集与独立标注,,,,,,,,,,,,,,,gb55031_excerpt_demo_v1,0db938787a5ff6e9d1e950a46acdde70d1f413fd60cb4e04a16c386d1e457d48,,,,,
FIELD-031,现场真实问题，待采集与独立标注,,,,,,,,,,,,,,,gb55031_excerpt_demo_v1,0db938787a5ff6e9d1e950a46acdde70d1f413fd60cb4e04a16c386d1e457d48,,,,,
FIELD-032,现场真实问题，待采集与独立标注,,,,,,,,,,,,,,,gb55031_excerpt_demo_v1,0db938787a5ff6e9d1e950a46acdde70d1f413fd60cb4e04a16c386d1e457d48,,,,,
FIELD-033,现场真实问题，待采集与独立标注,,,,,,,,,,,,,,,gb55031_excerpt_demo_v1,0db938787a5ff6e9d1e950a46acdde70d1f413fd60cb4e04a16c386d1e457d48,,,,,
FIELD-034,现场真实问题，待采集与独立标注,,,,,,,,,,,,,,,gb55031_excerpt_demo_v1,0db938787a5ff6e9d1e950a46acdde70d1f413fd60cb4e04a16c386d1e457d48,,,,,
FIELD-035,现场真实问题，待采集与独立标注,,,,,,,,,,,,,,,gb55031_excerpt_demo_v1,0db938787a5ff6e9d1e950a46acdde70d1f413fd60cb4e04a16c386d1e457d48,,,,,
FIELD-036,现场真实问题，待采集与独立标注,,,,,,,,,,,,,,,gb55031_excerpt_demo_v1,0db938787a5ff6e9d1e950a46acdde70d1f413fd60cb4e04a16c386d1e457d48,,,,,
FIELD-037,现场真实问题，待采集与独立标注,,,,,,,,,,,,,,,gb55031_excerpt_demo_v1,0db938787a5ff6e9d1e950a46acdde70d1f413fd60cb4e04a16c386d1e457d48,,,,,
FIELD-038,现场真实问题，待采集与独立标注,,,,,,,,,,,,,,,gb55031_excerpt_demo_v1,0db938787a5ff6e9d1e950a46acdde70d1f413fd60cb4e04a16c386d1e457d48,,,,,
FIELD-039,现场真实问题，待采集与独立标注,,,,,,,,,,,,,,,gb55031_excerpt_demo_v1,0db938787a5ff6e9d1e950a46acdde70d1f413fd60cb4e04a16c386d1e457d48,,,,,
FIELD-040,现场真实问题，待采集与独立标注,,,,,,,,,,,,,,,gb55031_excerpt_demo_v1,0db938787a5ff6e9d1e950a46acdde70d1f413fd60cb4e04a16c386d1e457d48,,,,,
FIELD-041,现场真实问题，待采集与独立标注,,,,,,,,,,,,,,,gb55031_excerpt_demo_v1,0db938787a5ff6e9d1e950a46acdde70d1f413fd60cb4e04a16c386d1e457d48,,,,,
FIELD-042,现场真实问题，待采集与独立标注,,,,,,,,,,,,,,,gb55031_excerpt_demo_v1,0db938787a5ff6e9d1e950a46acdde70d1f413fd60cb4e04a16c386d1e457d48,,,,,
FIELD-043,现场真实问题，待采集与独立标注,,,,,,,,,,,,,,,gb55031_excerpt_demo_v1,0db938787a5ff6e9d1e950a46acdde70d1f413fd60cb4e04a16c386d1e457d48,,,,,
FIELD-044,现场真实问题，待采集与独立标注,,,,,,,,,,,,,,,gb55031_excerpt_demo_v1,0db938787a5ff6e9d1e950a46acdde70d1f413fd60cb4e04a16c386d1e457d48,,,,,
FIELD-045,现场真实问题，待采集与独立标注,,,,,,,,,,,,,,,gb55031_excerpt_demo_v1,0db938787a5ff6e9d1e950a46acdde70d1f413fd60cb4e04a16c386d1e457d48,,,,,
FIELD-046,现场真实问题，待采集与独立标注,,,,,,,,,,,,,,,gb55031_excerpt_demo_v1,0db938787a5ff6e9d1e950a46acdde70d1f413fd60cb4e04a16c386d1e457d48,,,,,
FIELD-047,现场真实问题，待采集与独立标注,,,,,,,,,,,,,,,gb55031_excerpt_demo_v1,0db938787a5ff6e9d1e950a46acdde70d1f413fd60cb4e04a16c386d1e457d48,,,,,
FIELD-048,现场真实问题，待采集与独立标注,,,,,,,,,,,,,,,gb55031_excerpt_demo_v1,0db938787a5ff6e9d1e950a46acdde70d1f413fd60cb4e04a16c386d1e457d48,,,,,
FIELD-049,现场真实问题，待采集与独立标注,,,,,,,,,,,,,,,gb55031_excerpt_demo_v1,0db938787a5ff6e9d1e950a46acdde70d1f413fd60cb4e04a16c386d1e457d48,,,,,
FIELD-050,现场真实问题，待采集与独立标注,,,,,,,,,,,,,,,gb55031_excerpt_demo_v1,0db938787a5ff6e9d1e950a46acdde70d1f413fd60cb4e04a16c386d1e457d48,,,,,
