standard,article,topic,excerpt_url,official_notice_url,official_text_url,official_page_or_section,version_status,version_checked_on,version_reviewer,text_location_checked,text_location_reviewer,text_location_checked_on,applicability_notes,applicability_reviewer,applicability_checked_on,summary_checked,summary_reviewer,summary_checked_on,use_permission_notes,review_notes
DEMO-ARCH-001,D-01,建筑场景登记,https://github.com/ghgg25043-byte/building-code-assistant/blob/main/data/demo-source.md,,,,,,,,,,,,,,,,,
DEMO-ARCH-001,D-02,访客通行路线记录,https://github.com/ghgg25043-byte/building-code-assistant/blob/main/data/demo-source.md,,,,,,,,,,,,,,,,,
DEMO-ARCH-001,D-03,屋面形式信息收集,https://github.com/ghgg25043-byte/building-code-assistant/blob/main/data/demo-source.md,,,,,,,,,,,,,,,,,
DEMO-ARCH-001,D-04,屋顶设备空间记录,https://github.com/ghgg25043-byte/building-code-assistant/blob/main/data/demo-source.md,,,,,,,,,,,,,,,,,
DEMO-ARCH-001,D-05,公共空间净高信息记录,https://github.com/ghgg25043-byte/building-code-assistant/blob/main/data/demo-source.md,,,,,,,,,,,,,,,,,
DEMO-ARCH-001,D-06,车辆抵达路线记录,https://github.com/ghgg25043-byte/building-code-assistant/blob/main/data/demo-source.md,,,,,,,,,,,,,,,,,
DEMO-ARCH-001,D-07,建筑入口信息记录,https://github.com/ghgg25043-byte/building-code-assistant/blob/main/data/demo-source.md,,,,,,,,,,,,,,,,,
DEMO-ARCH-001,D-08,入口台阶信息记录,https://github.com/ghgg25043-byte/building-code-assistant/blob/main/data/demo-source.md,,,,,,,,,,,,,,,,,
DEMO-ARCH-001,D-09,公共楼梯使用场景记录,https://github.com/ghgg25043-byte/building-code-assistant/blob/main/data/demo-source.md,,,,,,,,,,,,,,,,,
DEMO-ARCH-001,D-10,楼梯平台布置记录,https://github.com/ghgg25043-byte/building-code-assistant/blob/main/data/demo-source.md,,,,,,,,,,,,,,,,,
DEMO-ARCH-001,D-11,办公楼公共走廊信息记录,https://github.com/ghgg25043-byte/building-code-assistant/blob/main/data/demo-source.md,,,,,,,,,,,,,,,,,
DEMO-ARCH-001,D-12,公共卫生间布置记录,https://github.com/ghgg25043-byte/building-code-assistant/blob/main/data/demo-source.md,,,,,,,,,,,,,,,,,
DEMO-ARCH-001,D-13,屋面排水资料收集,https://github.com/ghgg25043-byte/building-code-assistant/blob/main/data/demo-source.md,,,,,,,,,,,,,,,,,
DEMO-ARCH-001,D-14,临空窗台方案记录,https://github.com/ghgg25043-byte/building-code-assistant/blob/main/data/demo-source.md,,,,,,,,,,,,,,,,,
